Cliente;Fase;Status;Ação Necessária;Detalhes
Mercantil Alaska;Geral;Em Análise de Crédito;Acompanhar evolução junto ao Crédito;Elaboração de apresentação.
Grupo Milko;Geral;Em Análise de Crédito;Acompanhar evolução junto ao Crédito;Elaboração de apresentação.
Chavense (Antonio Basso);Geral;Em Análise de Crédito;Acompanhar evolução junto ao Crédito;Apresentação aguardando revisão.
Confersil;Geral;Em Análise de Crédito;Acompanhar evolução junto ao Crédito;Apresentação aguardando Comitê.
Frigo Dias;Renovação;Em Análise de Crédito;Acompanhar evolução junto ao Crédito;Documentos de renovação encaminhados; card ainda em triagem.
AGROFOODS;Prospecção;Com Pendências;Atuar na regularização dos documentos;- Tornar prospect; - Ata de eleição; - Contrato Social; - Endividamento atualizado; - Faturamento; - Curva ABC; - IRPF; - Balancete e DRE.
ALVILAC;Prospecção;Com Pendências;Atuar na regularização dos documentos;- Relatório de Visita; - Faturamento de jul-dez/2024; - Justificativa faturamentos zerados; - IRPF dos sócios.
CHAVENSE;Renovação;Com Pendências;Cobrar documentos e avaliar standby;- Faturamento 2025/2026; - Endividamento atualizado; - Balanço e DRE; - IR dos sócios; - Curva ABC.
FRIGO DIAS (FRIESP);Risco Sacado;Com Pendências;Cobrar documentos e avaliar standby;- Ata de Eleição; - Faturamento 60 dias; - Conta bancária; - E-mail assinaturas; - Comprovante de endereço.
MAXCLEAN;Renovação;Com Pendências;Cobrar documentos e avaliar standby;- IRPF; - Balanço e DRE; - Endividamento bancário e FIDC.
CORDOARIA SÃO LEOPOLDO;Renovação;Com Pendências;Cobrar documentos e avaliar standby;- Curva ABC atualizada.
GRUPO SD FLORESTAL;Renovação;Com Pendências;Cobrar documentos e avaliar standby;- Balanço e DRE; - Curva ABC; - Endividamento; - Faturamento.
